state,county,year,pop_estimate
Tennessee,Anderson County,2010,75098
Tennessee,Anderson County,2011,75209
Tennessee,Anderson County,2012,75225
Tennessee,Anderson County,2013,75299
Tennessee,Anderson County,2014,75157
Tennessee,Anderson County,2015,75456
Tennessee,Anderson County,2016,75528
Tennessee,Anderson County,2017,76056
Tennessee,Anderson County,2018,76287
Tennessee,Anderson County,2019,76978
Tennessee,Bedford County,2010,45078
Tennessee,Bedford County,2011,45247
Tennessee,Bedford County,2012,45254
Tennessee,Bedford County,2013,45565
Tennessee,Bedford County,2014,46251
Tennessee,Bedford County,2015,46948
Tennessee,Bedford County,2016,47442
Tennessee,Bedford County,2017,48211
Tennessee,Bedford County,2018,49146
Tennessee,Bedford County,2019,49713
Tennessee,Benton County,2010,16511
Tennessee,Benton County,2011,16529
Tennessee,Benton County,2012,16445
Tennessee,Benton County,2013,16360
Tennessee,Benton County,2014,16197
Tennessee,Benton County,2015,16220
Tennessee,Benton County,2016,16082
Tennessee,Benton County,2017,15993
Tennessee,Benton County,2018,16246
Tennessee,Benton County,2019,16160
Tennessee,Bledsoe County,2010,12884
Tennessee,Bledsoe County,2011,12992
Tennessee,Bledsoe County,2012,12926
Tennessee,Bledsoe County,2013,13910
Tennessee,Bledsoe County,2014,14501
Tennessee,Bledsoe County,2015,14601
Tennessee,Bledsoe County,2016,14738
Tennessee,Bledsoe County,2017,14895
Tennessee,Bledsoe County,2018,14883
Tennessee,Bledsoe County,2019,15064
Tennessee,Blount County,2010,123199
Tennessee,Blount County,2011,123664
Tennessee,Blount County,2012,124024
Tennessee,Blount County,2013,124874
Tennessee,Blount County,2014,125847
Tennessee,Blount County,2015,126954
Tennessee,Blount County,2016,128264
Tennessee,Blount County,2017,129999
Tennessee,Blount County,2018,131331
Tennessee,Blount County,2019,133088
Tennessee,Bradley County,2010,99083
Tennessee,Bradley County,2011,99798
Tennessee,Bradley County,2012,101049
Tennessee,Bradley County,2013,101778
Tennessee,Bradley County,2014,102771
Tennessee,Bradley County,2015,103774
Tennessee,Bradley County,2016,104390
Tennessee,Bradley County,2017,105421
Tennessee,Bradley County,2018,107050
Tennessee,Bradley County,2019,108110
Tennessee,Campbell County,2010,40735
Tennessee,Campbell County,2011,40688
Tennessee,Campbell County,2012,40532
Tennessee,Campbell County,2013,40247
Tennessee,Campbell County,2014,39893
Tennessee,Campbell County,2015,39772
Tennessee,Campbell County,2016,39784
Tennessee,Campbell County,2017,39791
Tennessee,Campbell County,2018,39795
Tennessee,Campbell County,2019,39842
Tennessee,Cannon County,2010,13797
Tennessee,Cannon County,2011,13724
Tennessee,Cannon County,2012,13789
Tennessee,Cannon County,2013,13700
Tennessee,Cannon County,2014,13572
Tennessee,Cannon County,2015,13740
Tennessee,Cannon County,2016,13876
Tennessee,Cannon County,2017,14157
Tennessee,Cannon County,2018,14440
Tennessee,Cannon County,2019,14678
Tennessee,Carroll County,2010,28454
Tennessee,Carroll County,2011,28547
Tennessee,Carroll County,2012,28667
Tennessee,Carroll County,2013,28606
Tennessee,Carroll County,2014,28411
Tennessee,Carroll County,2015,27982
Tennessee,Carroll County,2016,27901
Tennessee,Carroll County,2017,27807
Tennessee,Carroll County,2018,27975
Tennessee,Carroll County,2019,27767
Tennessee,Carter County,2010,57342
Tennessee,Carter County,2011,57385
Tennessee,Carter County,2012,57347
Tennessee,Carter County,2013,56978
Tennessee,Carter County,2014,56325
Tennessee,Carter County,2015,56375
Tennessee,Carter County,2016,56473
Tennessee,Carter County,2017,56510
Tennessee,Carter County,2018,56417
Tennessee,Carter County,2019,56391
Tennessee,Cheatham County,2010,39131
Tennessee,Cheatham County,2011,38986
Tennessee,Cheatham County,2012,39231
Tennessee,Cheatham County,2013,39340
Tennessee,Cheatham County,2014,39610
Tennessee,Cheatham County,2015,39593
Tennessee,Cheatham County,2016,39775
Tennessee,Cheatham County,2017,40366
Tennessee,Cheatham County,2018,40502
Tennessee,Cheatham County,2019,40667
Tennessee,Chester County,2010,17194
Tennessee,Chester County,2011,17150
Tennessee,Chester County,2012,17076
Tennessee,Chester County,2013,17116
Tennessee,Chester County,2014,17136
Tennessee,Chester County,2015,17123
Tennessee,Chester County,2016,17130
Tennessee,Chester County,2017,17154
Tennessee,Chester County,2018,17245
Tennessee,Chester County,2019,17297
Tennessee,Claiborne County,2010,32215
Tennessee,Claiborne County,2011,32106
Tennessee,Claiborne County,2012,31763
Tennessee,Claiborne County,2013,31627
Tennessee,Claiborne County,2014,31571
Tennessee,Claiborne County,2015,31555
Tennessee,Claiborne County,2016,31634
Tennessee,Claiborne County,2017,31661
Tennessee,Claiborne County,2018,31850
Tennessee,Claiborne County,2019,31959
Tennessee,Clay County,2010,7844
Tennessee,Clay County,2011,7741
Tennessee,Clay County,2012,7702
Tennessee,Clay County,2013,7688
Tennessee,Clay County,2014,7620
Tennessee,Clay County,2015,7663
Tennessee,Clay County,2016,7654
Tennessee,Clay County,2017,7663
Tennessee,Clay County,2018,7677
Tennessee,Clay County,2019,7615
Tennessee,Cocke County,2010,35640
Tennessee,Cocke County,2011,35432
Tennessee,Cocke County,2012,35530
Tennessee,Cocke County,2013,35400
Tennessee,Cocke County,2014,35266
Tennessee,Cocke County,2015,35138
Tennessee,Cocke County,2016,35234
Tennessee,Cocke County,2017,35528
Tennessee,Cocke County,2018,35858
Tennessee,Cocke County,2019,36004
Tennessee,Coffee County,2010,52770
Tennessee,Coffee County,2011,52920
Tennessee,Coffee County,2012,53147
Tennessee,Coffee County,2013,53298
Tennessee,Coffee County,2014,53524
Tennessee,Coffee County,2015,54093
Tennessee,Coffee County,2016,54537
Tennessee,Coffee County,2017,55016
Tennessee,Coffee County,2018,55877
Tennessee,Coffee County,2019,56520
Tennessee,Crockett County,2010,14588
Tennessee,Crockett County,2011,14560
Tennessee,Crockett County,2012,14610
Tennessee,Crockett County,2013,14610
Tennessee,Crockett County,2014,14652
Tennessee,Crockett County,2015,14586
Tennessee,Crockett County,2016,14448
Tennessee,Crockett County,2017,14436
Tennessee,Crockett County,2018,14296
Tennessee,Crockett County,2019,14230
Tennessee,Cumberland County,2010,56193
Tennessee,Cumberland County,2011,56527
Tennessee,Cumberland County,2012,56990
Tennessee,Cumberland County,2013,57438
Tennessee,Cumberland County,2014,57924
Tennessee,Cumberland County,2015,58217
Tennessee,Cumberland County,2016,58580
Tennessee,Cumberland County,2017,59023
Tennessee,Cumberland County,2018,59738
Tennessee,Cumberland County,2019,60520
Tennessee,Davidson County,2010,627746
Tennessee,Davidson County,2011,635918
Tennessee,Davidson County,2012,649344
Tennessee,Davidson County,2013,660179
Tennessee,Davidson County,2014,669611
Tennessee,Davidson County,2015,679793
Tennessee,Davidson County,2016,685829
Tennessee,Davidson County,2017,687159
Tennessee,Davidson County,2018,690516
Tennessee,Davidson County,2019,694144
Tennessee,Decatur County,2010,11717
Tennessee,Decatur County,2011,11682
Tennessee,Decatur County,2012,11634
Tennessee,Decatur County,2013,11696
Tennessee,Decatur County,2014,11685
Tennessee,Decatur County,2015,11600
Tennessee,Decatur County,2016,11735
Tennessee,Decatur County,2017,11732
Tennessee,Decatur County,2018,11699
Tennessee,Decatur County,2019,11663
Tennessee,DeKalb County,2010,18695
Tennessee,DeKalb County,2011,18754
Tennessee,DeKalb County,2012,18869
Tennessee,DeKalb County,2013,19150
Tennessee,DeKalb County,2014,19227
Tennessee,DeKalb County,2015,19292
Tennessee,DeKalb County,2016,19444
Tennessee,DeKalb County,2017,19876
Tennessee,DeKalb County,2018,20133
Tennessee,DeKalb County,2019,20490
Tennessee,Dickson County,2010,49684
Tennessee,Dickson County,2011,49982
Tennessee,Dickson County,2012,50214
Tennessee,Dickson County,2013,50164
Tennessee,Dickson County,2014,50465
Tennessee,Dickson County,2015,51334
Tennessee,Dickson County,2016,51900
Tennessee,Dickson County,2017,52774
Tennessee,Dickson County,2018,53446
Tennessee,Dickson County,2019,53948
Tennessee,Dyer County,2010,38318
Tennessee,Dyer County,2011,38118
Tennessee,Dyer County,2012,38188
Tennessee,Dyer County,2013,38093
Tennessee,Dyer County,2014,37807
Tennessee,Dyer County,2015,37753
Tennessee,Dyer County,2016,37542
Tennessee,Dyer County,2017,37339
Tennessee,Dyer County,2018,37286
Tennessee,Dyer County,2019,37159
Tennessee,Fayette County,2010,38427
Tennessee,Fayette County,2011,38570
Tennessee,Fayette County,2012,38686
Tennessee,Fayette County,2013,38812
Tennessee,Fayette County,2014,39123
Tennessee,Fayette County,2015,39280
Tennessee,Fayette County,2016,39703
Tennessee,Fayette County,2017,40150
Tennessee,Fayette County,2018,40556
Tennessee,Fayette County,2019,41133
Tennessee,Fentress County,2010,17923
Tennessee,Fentress County,2011,17997
Tennessee,Fentress County,2012,17916
Tennessee,Fentress County,2013,17904
Tennessee,Fentress County,2014,17849
Tennessee,Fentress County,2015,17965
Tennessee,Fentress County,2016,18040
Tennessee,Fentress County,2017,18214
Tennessee,Fentress County,2018,18322
Tennessee,Fentress County,2019,18523
Tennessee,Franklin County,2010,40959
Tennessee,Franklin County,2011,40857
Tennessee,Franklin County,2012,40688
Tennessee,Franklin County,2013,41213
Tennessee,Franklin County,2014,41288
Tennessee,Franklin County,2015,41343
Tennessee,Franklin County,2016,41518
Tennessee,Franklin County,2017,41623
Tennessee,Franklin County,2018,41935
Tennessee,Franklin County,2019,42208
Tennessee,Gibson County,2010,49731
Tennessee,Gibson County,2011,49898
Tennessee,Gibson County,2012,49666
Tennessee,Gibson County,2013,49380
Tennessee,Gibson County,2014,49436
Tennessee,Gibson County,2015,49329
Tennessee,Gibson County,2016,49250
Tennessee,Gibson County,2017,49255
Tennessee,Gibson County,2018,49171
Tennessee,Gibson County,2019,49133
Tennessee,Giles County,2010,29406
Tennessee,Giles County,2011,29284
Tennessee,Giles County,2012,28969
Tennessee,Giles County,2013,28801
Tennessee,Giles County,2014,28819
Tennessee,Giles County,2015,28973
Tennessee,Giles County,2016,29165
Tennessee,Giles County,2017,29379
Tennessee,Giles County,2018,29446
Tennessee,Giles County,2019,29464
Tennessee,Grainger County,2010,22721
Tennessee,Grainger County,2011,22753
Tennessee,Grainger County,2012,22689
Tennessee,Grainger County,2013,22739
Tennessee,Grainger County,2014,22862
Tennessee,Grainger County,2015,22848
Tennessee,Grainger County,2016,23095
Tennessee,Grainger County,2017,23106
Tennessee,Grainger County,2018,23137
Tennessee,Grainger County,2019,23320
Tennessee,Greene County,2010,68834
Tennessee,Greene County,2011,69173
Tennessee,Greene County,2012,68760
Tennessee,Greene County,2013,68336
Tennessee,Greene County,2014,68464
Tennessee,Greene County,2015,68586
Tennessee,Greene County,2016,68529
Tennessee,Greene County,2017,68821
Tennessee,Greene County,2018,69164
Tennessee,Greene County,2019,69069
Tennessee,Grundy County,2010,13725
Tennessee,Grundy County,2011,13588
Tennessee,Grundy County,2012,13583
Tennessee,Grundy County,2013,13449
Tennessee,Grundy County,2014,13340
Tennessee,Grundy County,2015,13337
Tennessee,Grundy County,2016,13276
Tennessee,Grundy County,2017,13332
Tennessee,Grundy County,2018,13348
Tennessee,Grundy County,2019,13427
Tennessee,Hamblen County,2010,62510
Tennessee,Hamblen County,2011,62899
Tennessee,Hamblen County,2012,62764
Tennessee,Hamblen County,2013,63051
Tennessee,Hamblen County,2014,63010
Tennessee,Hamblen County,2015,63353
Tennessee,Hamblen County,2016,63681
Tennessee,Hamblen County,2017,64062
Tennessee,Hamblen County,2018,64629
Tennessee,Hamblen County,2019,64934
Tennessee,Hamilton County,2010,337214
Tennessee,Hamilton County,2011,341094
Tennessee,Hamilton County,2012,345693
Tennessee,Hamilton County,2013,349050
Tennessee,Hamilton County,2014,350729
Tennessee,Hamilton County,2015,353690
Tennessee,Hamilton County,2016,357778
Tennessee,Hamilton County,2017,361032
Tennessee,Hamilton County,2018,364293
Tennessee,Hamilton County,2019,367804
Tennessee,Hancock County,2010,6798
Tennessee,Hancock County,2011,6708
Tennessee,Hancock County,2012,6657
Tennessee,Hancock County,2013,6621
Tennessee,Hancock County,2014,6619
Tennessee,Hancock County,2015,6577
Tennessee,Hancock County,2016,6583
Tennessee,Hancock County,2017,6593
Tennessee,Hancock County,2018,6561
Tennessee,Hancock County,2019,6620
Tennessee,Hardeman County,2010,27169
Tennessee,Hardeman County,2011,26869
Tennessee,Hardeman County,2012,26612
Tennessee,Hardeman County,2013,26360
Tennessee,Hardeman County,2014,25989
Tennessee,Hardeman County,2015,25817
Tennessee,Hardeman County,2016,25584
Tennessee,Hardeman County,2017,25488
Tennessee,Hardeman County,2018,25276
Tennessee,Hardeman County,2019,25050
Tennessee,Hardin County,2010,26050
Tennessee,Hardin County,2011,25869
Tennessee,Hardin County,2012,25962
Tennessee,Hardin County,2013,25925
Tennessee,Hardin County,2014,25801
Tennessee,Hardin County,2015,25754
Tennessee,Hardin County,2016,25740
Tennessee,Hardin County,2017,25738
Tennessee,Hardin County,2018,25693
Tennessee,Hardin County,2019,25652
Tennessee,Hawkins County,2010,56870
Tennessee,Hawkins County,2011,56621
Tennessee,Hawkins County,2012,56560
Tennessee,Hawkins County,2013,56696
Tennessee,Hawkins County,2014,56481
Tennessee,Hawkins County,2015,56370
Tennessee,Hawkins County,2016,56565
Tennessee,Hawkins County,2017,56620
Tennessee,Hawkins County,2018,56713
Tennessee,Hawkins County,2019,56786
Tennessee,Haywood County,2010,18812
Tennessee,Haywood County,2011,18546
Tennessee,Haywood County,2012,18276
Tennessee,Haywood County,2013,18234
Tennessee,Haywood County,2014,18235
Tennessee,Haywood County,2015,18036
Tennessee,Haywood County,2016,17822
Tennessee,Haywood County,2017,17607
Tennessee,Haywood County,2018,17347
Tennessee,Haywood County,2019,17304
Tennessee,Henderson County,2010,27788
Tennessee,Henderson County,2011,28039
Tennessee,Henderson County,2012,28082
Tennessee,Henderson County,2013,28042
Tennessee,Henderson County,2014,28093
Tennessee,Henderson County,2015,28078
Tennessee,Henderson County,2016,27855
Tennessee,Henderson County,2017,27851
Tennessee,Henderson County,2018,27983
Tennessee,Henderson County,2019,28117
Tennessee,Henry County,2010,32398
Tennessee,Henry County,2011,32440
Tennessee,Henry County,2012,32377
Tennessee,Henry County,2013,32250
Tennessee,Henry County,2014,32245
Tennessee,Henry County,2015,32127
Tennessee,Henry County,2016,32232
Tennessee,Henry County,2017,32380
Tennessee,Henry County,2018,32336
Tennessee,Henry County,2019,32345
Tennessee,Hickman County,2010,24647
Tennessee,Hickman County,2011,24364
Tennessee,Hickman County,2012,24192
Tennessee,Hickman County,2013,24207
Tennessee,Hickman County,2014,24465
Tennessee,Hickman County,2015,24373
Tennessee,Hickman County,2016,24666
Tennessee,Hickman County,2017,24839
Tennessee,Hickman County,2018,25007
Tennessee,Hickman County,2019,25178
Tennessee,Houston County,2010,8451
Tennessee,Houston County,2011,8347
Tennessee,Houston County,2012,8424
Tennessee,Houston County,2013,8276
Tennessee,Houston County,2014,8221
Tennessee,Houston County,2015,8124
Tennessee,Houston County,2016,8101
Tennessee,Houston County,2017,8158
Tennessee,Houston County,2018,8234
Tennessee,Houston County,2019,8201
Tennessee,Humphreys County,2010,18558
Tennessee,Humphreys County,2011,18403
Tennessee,Humphreys County,2012,18287
Tennessee,Humphreys County,2013,18244
Tennessee,Humphreys County,2014,18147
Tennessee,Humphreys County,2015,18157
Tennessee,Humphreys County,2016,18383
Tennessee,Humphreys County,2017,18503
Tennessee,Humphreys County,2018,18551
Tennessee,Humphreys County,2019,18582
Tennessee,Jackson County,2010,11625
Tennessee,Jackson County,2011,11558
Tennessee,Jackson County,2012,11595
Tennessee,Jackson County,2013,11561
Tennessee,Jackson County,2014,11524
Tennessee,Jackson County,2015,11534
Tennessee,Jackson County,2016,11611
Tennessee,Jackson County,2017,11702
Tennessee,Jackson County,2018,11777
Tennessee,Jackson County,2019,11786
Tennessee,Jefferson County,2010,51714
Tennessee,Jefferson County,2011,51908
Tennessee,Jefferson County,2012,52300
Tennessee,Jefferson County,2013,52134
Tennessee,Jefferson County,2014,52408
Tennessee,Jefferson County,2015,53011
Tennessee,Jefferson County,2016,53148
Tennessee,Jefferson County,2017,53730
Tennessee,Jefferson County,2018,54012
Tennessee,Jefferson County,2019,54495
Tennessee,Johnson County,2010,18286
Tennessee,Johnson County,2011,18223
Tennessee,Johnson County,2012,18159
Tennessee,Johnson County,2013,18014
Tennessee,Johnson County,2014,17935
Tennessee,Johnson County,2015,17842
Tennessee,Johnson County,2016,17759
Tennessee,Johnson County,2017,17603
Tennessee,Johnson County,2018,17774
Tennessee,Johnson County,2019,17788
Tennessee,Knox County,2010,432938
Tennessee,Knox County,2011,436776
Tennessee,Knox County,2012,440791
Tennessee,Knox County,2013,444314
Tennessee,Knox County,2014,447903
Tennessee,Knox County,2015,451297
Tennessee,Knox County,2016,456089
Tennessee,Knox County,2017,461565
Tennessee,Knox County,2018,466258
Tennessee,Knox County,2019,470313
Tennessee,Lake County,2010,7827
Tennessee,Lake County,2011,7793
Tennessee,Lake County,2012,7715
Tennessee,Lake County,2013,7713
Tennessee,Lake County,2014,7680
Tennessee,Lake County,2015,7602
Tennessee,Lake County,2016,7531
Tennessee,Lake County,2017,7451
Tennessee,Lake County,2018,7407
Tennessee,Lake County,2019,7016
Tennessee,Lauderdale County,2010,27721
Tennessee,Lauderdale County,2011,27701
Tennessee,Lauderdale County,2012,27694
Tennessee,Lauderdale County,2013,27573
Tennessee,Lauderdale County,2014,27357
Tennessee,Lauderdale County,2015,26903
Tennessee,Lauderdale County,2016,25320
Tennessee,Lauderdale County,2017,26093
Tennessee,Lauderdale County,2018,25997
Tennessee,Lauderdale County,2019,25633
Tennessee,Lawrence County,2010,41967
Tennessee,Lawrence County,2011,42162
Tennessee,Lawrence County,2012,42154
Tennessee,Lawrence County,2013,42028
Tennessee,Lawrence County,2014,42304
Tennessee,Lawrence County,2015,42592
Tennessee,Lawrence County,2016,43056
Tennessee,Lawrence County,2017,43388
Tennessee,Lawrence County,2018,43771
Tennessee,Lawrence County,2019,44142
Tennessee,Lewis County,2010,12173
Tennessee,Lewis County,2011,12146
Tennessee,Lewis County,2012,11942
Tennessee,Lewis County,2013,11994
Tennessee,Lewis County,2014,11886
Tennessee,Lewis County,2015,11875
Tennessee,Lewis County,2016,11891
Tennessee,Lewis County,2017,12025
Tennessee,Lewis County,2018,12074
Tennessee,Lewis County,2019,12268
Tennessee,Lincoln County,2010,33382
Tennessee,Lincoln County,2011,33387
Tennessee,Lincoln County,2012,33379
Tennessee,Lincoln County,2013,33499
Tennessee,Lincoln County,2014,33443
Tennessee,Lincoln County,2015,33609
Tennessee,Lincoln County,2016,33564
Tennessee,Lincoln County,2017,33892
Tennessee,Lincoln County,2018,34189
Tennessee,Lincoln County,2019,34366
Tennessee,Loudon County,2010,48710
Tennessee,Loudon County,2011,49188
Tennessee,Loudon County,2012,49823
Tennessee,Loudon County,2013,50386
Tennessee,Loudon County,2014,50586
Tennessee,Loudon County,2015,50916
Tennessee,Loudon County,2016,51373
Tennessee,Loudon County,2017,52260
Tennessee,Loudon County,2018,53082
Tennessee,Loudon County,2019,54068
Tennessee,McMinn County,2010,52176
Tennessee,McMinn County,2011,52335
Tennessee,McMinn County,2012,52441
Tennessee,McMinn County,2013,52431
Tennessee,McMinn County,2014,52675
Tennessee,McMinn County,2015,52502
Tennessee,McMinn County,2016,52700
Tennessee,McMinn County,2017,52931
Tennessee,McMinn County,2018,53336
Tennessee,McMinn County,2019,53794
Tennessee,McNairy County,2010,26066
Tennessee,McNairy County,2011,26077
Tennessee,McNairy County,2012,26142
Tennessee,McNairy County,2013,26035
Tennessee,McNairy County,2014,26032
Tennessee,McNairy County,2015,25864
Tennessee,McNairy County,2016,25832
Tennessee,McNairy County,2017,26001
Tennessee,McNairy County,2018,25830
Tennessee,McNairy County,2019,25694
Tennessee,Macon County,2010,22237
Tennessee,Macon County,2011,22455
Tennessee,Macon County,2012,22488
Tennessee,Macon County,2013,22637
Tennessee,Macon County,2014,22919
Tennessee,Macon County,2015,23076
Tennessee,Macon County,2016,23340
Tennessee,Macon County,2017,23905
Tennessee,Macon County,2018,24289
Tennessee,Macon County,2019,24602
Tennessee,Madison County,2010,98249
Tennessee,Madison County,2011,98084
Tennessee,Madison County,2012,98505
Tennessee,Madison County,2013,98730
Tennessee,Madison County,2014,98134
Tennessee,Madison County,2015,97569
Tennessee,Madison County,2016,97478
Tennessee,Madison County,2017,97491
Tennessee,Madison County,2018,97603
Tennessee,Madison County,2019,97984
Tennessee,Marion County,2010,28220
Tennessee,Marion County,2011,28099
Tennessee,Marion County,2012,28226
Tennessee,Marion County,2013,28326
Tennessee,Marion County,2014,28405
Tennessee,Marion County,2015,28397
Tennessee,Marion County,2016,28383
Tennessee,Marion County,2017,28406
Tennessee,Marion County,2018,28598
Tennessee,Marion County,2019,28907
Tennessee,Marshall County,2010,30687
Tennessee,Marshall County,2011,30848
Tennessee,Marshall County,2012,30971
Tennessee,Marshall County,2013,31140
Tennessee,Marshall County,2014,31287
Tennessee,Marshall County,2015,31590
Tennessee,Marshall County,2016,32035
Tennessee,Marshall County,2017,33020
Tennessee,Marshall County,2018,33806
Tennessee,Marshall County,2019,34375
Tennessee,Maury County,2010,81172
Tennessee,Maury County,2011,81528
Tennessee,Maury County,2012,82054
Tennessee,Maury County,2013,83618
Tennessee,Maury County,2014,85384
Tennessee,Maury County,2015,87425
Tennessee,Maury County,2016,89556
Tennessee,Maury County,2017,92237
Tennessee,Maury County,2018,94273
Tennessee,Maury County,2019,96387
Tennessee,Meigs County,2010,11792
Tennessee,Meigs County,2011,11687
Tennessee,Meigs County,2012,11668
Tennessee,Meigs County,2013,11659
Tennessee,Meigs County,2014,11703
Tennessee,Meigs County,2015,11804
Tennessee,Meigs County,2016,11953
Tennessee,Meigs County,2017,12042
Tennessee,Meigs County,2018,12297
Tennessee,Meigs County,2019,12422
Tennessee,Monroe County,2010,44610
Tennessee,Monroe County,2011,44903
Tennessee,Monroe County,2012,45095
Tennessee,Monroe County,2013,45228
Tennessee,Monroe County,2014,45391
Tennessee,Monroe County,2015,45625
Tennessee,Monroe County,2016,45848
Tennessee,Monroe County,2017,46035
Tennessee,Monroe County,2018,46269
Tennessee,Monroe County,2019,46545
Tennessee,Montgomery County,2010,173159
Tennessee,Montgomery County,2011,176504
Tennessee,Montgomery County,2012,184782
Tennessee,Montgomery County,2013,184252
Tennessee,Montgomery County,2014,189005
Tennessee,Montgomery County,2015,192398
Tennessee,Montgomery County,2016,194424
Tennessee,Montgomery County,2017,199771
Tennessee,Montgomery County,2018,205312
Tennessee,Montgomery County,2019,208993
Tennessee,Moore County,2010,6330
Tennessee,Moore County,2011,6367
Tennessee,Moore County,2012,6289
Tennessee,Moore County,2013,6274
Tennessee,Moore County,2014,6285
Tennessee,Moore County,2015,6261
Tennessee,Moore County,2016,6293
Tennessee,Moore County,2017,6391
Tennessee,Moore County,2018,6457
Tennessee,Moore County,2019,6488
Tennessee,Morgan County,2010,22019
Tennessee,Morgan County,2011,21998
Tennessee,Morgan County,2012,21892
Tennessee,Morgan County,2013,21673
Tennessee,Morgan County,2014,21699
Tennessee,Morgan County,2015,21494
Tennessee,Morgan County,2016,21741
Tennessee,Morgan County,2017,21555
Tennessee,Morgan County,2018,21534
Tennessee,Morgan County,2019,21403
Tennessee,Obion County,2010,31822
Tennessee,Obion County,2011,31675
Tennessee,Obion County,2012,31310
Tennessee,Obion County,2013,31017
Tennessee,Obion County,2014,30828
Tennessee,Obion County,2015,30561
Tennessee,Obion County,2016,30547
Tennessee,Obion County,2017,30375
Tennessee,Obion County,2018,30274
Tennessee,Obion County,2019,30069
Tennessee,Overton County,2010,22092
Tennessee,Overton County,2011,22165
Tennessee,Overton County,2012,22164
Tennessee,Overton County,2013,21969
Tennessee,Overton County,2014,21951
Tennessee,Overton County,2015,22067
Tennessee,Overton County,2016,21964
Tennessee,Overton County,2017,21998
Tennessee,Overton County,2018,22068
Tennessee,Overton County,2019,22241
Tennessee,Perry County,2010,7940
Tennessee,Perry County,2011,7865
Tennessee,Perry County,2012,7852
Tennessee,Perry County,2013,7880
Tennessee,Perry County,2014,7819
Tennessee,Perry County,2015,7852
Tennessee,Perry County,2016,7880
Tennessee,Perry County,2017,7954
Tennessee,Perry County,2018,8050
Tennessee,Perry County,2019,8076
Tennessee,Pickett County,2010,5082
Tennessee,Pickett County,2011,5124
Tennessee,Pickett County,2012,5048
Tennessee,Pickett County,2013,5013
Tennessee,Pickett County,2014,5078
Tennessee,Pickett County,2015,5139
Tennessee,Pickett County,2016,5091
Tennessee,Pickett County,2017,5062
Tennessee,Pickett County,2018,5053
Tennessee,Pickett County,2019,5048
Tennessee,Polk County,2010,16813
Tennessee,Polk County,2011,16771
Tennessee,Polk County,2012,16624
Tennessee,Polk County,2013,16632
Tennessee,Polk County,2014,16684
Tennessee,Polk County,2015,16769
Tennessee,Polk County,2016,16794
Tennessee,Polk County,2017,16759
Tennessee,Polk County,2018,16918
Tennessee,Polk County,2019,16832
Tennessee,Putnam County,2010,72549
Tennessee,Putnam County,2011,73065
Tennessee,Putnam County,2012,73529
Tennessee,Putnam County,2013,74095
Tennessee,Putnam County,2014,74930
Tennessee,Putnam County,2015,75074
Tennessee,Putnam County,2016,75985
Tennessee,Putnam County,2017,77299
Tennessee,Putnam County,2018,78631
Tennessee,Putnam County,2019,80245
Tennessee,Rhea County,2010,31858
Tennessee,Rhea County,2011,32082
Tennessee,Rhea County,2012,32367
Tennessee,Rhea County,2013,32529
Tennessee,Rhea County,2014,32623
Tennessee,Rhea County,2015,32373
Tennessee,Rhea County,2016,32474
Tennessee,Rhea County,2017,32671
Tennessee,Rhea County,2018,32911
Tennessee,Rhea County,2019,33167
Tennessee,Roane County,2010,54169
Tennessee,Roane County,2011,53988
Tennessee,Roane County,2012,53615
Tennessee,Roane County,2013,53161
Tennessee,Roane County,2014,52852
Tennessee,Roane County,2015,52770
Tennessee,Roane County,2016,52944
Tennessee,Roane County,2017,53020
Tennessee,Roane County,2018,53258
Tennessee,Roane County,2019,53382
Tennessee,Robertson County,2010,66322
Tennessee,Robertson County,2011,66775
Tennessee,Robertson County,2012,66798
Tennessee,Robertson County,2013,67412
Tennessee,Robertson County,2014,68046
Tennessee,Robertson County,2015,68687
Tennessee,Robertson County,2016,69393
Tennessee,Robertson County,2017,70328
Tennessee,Robertson County,2018,71179
Tennessee,Robertson County,2019,71813
Tennessee,Rutherford County,2010,263708
Tennessee,Rutherford County,2011,269160
Tennessee,Rutherford County,2012,274397
Tennessee,Rutherford County,2013,281148
Tennessee,Rutherford County,2014,288848
Tennessee,Rutherford County,2015,298197
Tennessee,Rutherford County,2016,307415
Tennessee,Rutherford County,2017,316531
Tennessee,Rutherford County,2018,324647
Tennessee,Rutherford County,2019,332285
Tennessee,Scott County,2010,22227
Tennessee,Scott County,2011,22105
Tennessee,Scott County,2012,22175
Tennessee,Scott County,2013,22062
Tennessee,Scott County,2014,21990
Tennessee,Scott County,2015,21893
Tennessee,Scott County,2016,21890
Tennessee,Scott County,2017,21964
Tennessee,Scott County,2018,22028
Tennessee,Scott County,2019,22068
Tennessee,Sequatchie County,2010,14128
Tennessee,Sequatchie County,2011,14274
Tennessee,Sequatchie County,2012,14350
Tennessee,Sequatchie County,2013,14537
Tennessee,Sequatchie County,2014,14634
Tennessee,Sequatchie County,2015,14641
Tennessee,Sequatchie County,2016,14754
Tennessee,Sequatchie County,2017,14767
Tennessee,Sequatchie County,2018,14891
Tennessee,Sequatchie County,2019,15026
Tennessee,Sevier County,2010,89923
Tennessee,Sevier County,2011,91192
Tennessee,Sevier County,2012,92362
Tennessee,Sevier County,2013,93477
Tennessee,Sevier County,2014,94660
Tennessee,Sevier County,2015,95417
Tennessee,Sevier County,2016,96470
Tennessee,Sevier County,2017,97307
Tennessee,Sevier County,2018,97895
Tennessee,Sevier County,2019,98250
Tennessee,Shelby County,2010,928447
Tennessee,Shelby County,2011,933186
Tennessee,Shelby County,2012,939168
Tennessee,Shelby County,2013,938363
Tennessee,Shelby County,2014,937500
Tennessee,Shelby County,2015,937067
Tennessee,Shelby County,2016,936021
Tennessee,Shelby County,2017,935251
Tennessee,Shelby County,2018,936365
Tennessee,Shelby County,2019,937166
Tennessee,Smith County,2010,19126
Tennessee,Smith County,2011,19210
Tennessee,Smith County,2012,19179
Tennessee,Smith County,2013,19117
Tennessee,Smith County,2014,19097
Tennessee,Smith County,2015,19308
Tennessee,Smith County,2016,19526
Tennessee,Smith County,2017,19732
Tennessee,Smith County,2018,19979
Tennessee,Smith County,2019,20157
Tennessee,Stewart County,2010,13348
Tennessee,Stewart County,2011,13223
Tennessee,Stewart County,2012,13309
Tennessee,Stewart County,2013,13277
Tennessee,Stewart County,2014,13210
Tennessee,Stewart County,2015,13187
Tennessee,Stewart County,2016,13190
Tennessee,Stewart County,2017,13422
Tennessee,Stewart County,2018,13619
Tennessee,Stewart County,2019,13715
Tennessee,Sullivan County,2010,156749
Tennessee,Sullivan County,2011,156876
Tennessee,Sullivan County,2012,156322
Tennessee,Sullivan County,2013,156185
Tennessee,Sullivan County,2014,156404
Tennessee,Sullivan County,2015,156199
Tennessee,Sullivan County,2016,156182
Tennessee,Sullivan County,2017,156924
Tennessee,Sullivan County,2018,157599
Tennessee,Sullivan County,2019,158348
Tennessee,Sumner County,2010,161214
Tennessee,Sumner County,2011,163680
Tennessee,Sumner County,2012,165967
Tennessee,Sumner County,2013,168754
Tennessee,Sumner County,2014,172269
Tennessee,Sumner County,2015,175326
Tennessee,Sumner County,2016,179332
Tennessee,Sumner County,2017,183756
Tennessee,Sumner County,2018,187490
Tennessee,Sumner County,2019,191283
Tennessee,Tipton County,2010,61065
Tennessee,Tipton County,2011,61305
Tennessee,Tipton County,2012,61524
Tennessee,Tipton County,2013,61572
Tennessee,Tipton County,2014,61596
Tennessee,Tipton County,2015,61533
Tennessee,Tipton County,2016,61223
Tennessee,Tipton County,2017,61305
Tennessee,Tipton County,2018,61576
Tennessee,Tipton County,2019,61599
Tennessee,Trousdale County,2010,7874
Tennessee,Trousdale County,2011,7815
Tennessee,Trousdale County,2012,7794
Tennessee,Trousdale County,2013,7810
Tennessee,Trousdale County,2014,7998
Tennessee,Trousdale County,2015,8051
Tennessee,Trousdale County,2016,9955
Tennessee,Trousdale County,2017,10831
Tennessee,Trousdale County,2018,11033
Tennessee,Trousdale County,2019,11284
Tennessee,Unicoi County,2010,18284
Tennessee,Unicoi County,2011,18302
Tennessee,Unicoi County,2012,18253
Tennessee,Unicoi County,2013,18095
Tennessee,Unicoi County,2014,17951
Tennessee,Unicoi County,2015,17819
Tennessee,Unicoi County,2016,17737
Tennessee,Unicoi County,2017,17796
Tennessee,Unicoi County,2018,17822
Tennessee,Unicoi County,2019,17883
Tennessee,Union County,2010,19116
Tennessee,Union County,2011,19191
Tennessee,Union County,2012,19105
Tennessee,Union County,2013,19063
Tennessee,Union County,2014,18991
Tennessee,Union County,2015,19159
Tennessee,Union County,2016,19219
Tennessee,Union County,2017,19399
Tennessee,Union County,2018,19689
Tennessee,Union County,2019,19972
Tennessee,Van Buren County,2010,5569
Tennessee,Van Buren County,2011,5555
Tennessee,Van Buren County,2012,5653
Tennessee,Van Buren County,2013,5574
Tennessee,Van Buren County,2014,5696
Tennessee,Van Buren County,2015,5695
Tennessee,Van Buren County,2016,5721
Tennessee,Van Buren County,2017,5747
Tennessee,Van Buren County,2018,5763
Tennessee,Van Buren County,2019,5872
Tennessee,Warren County,2010,39858
Tennessee,Warren County,2011,39907
Tennessee,Warren County,2012,39744
Tennessee,Warren County,2013,39875
Tennessee,Warren County,2014,39983
Tennessee,Warren County,2015,40262
Tennessee,Warren County,2016,40428
Tennessee,Warren County,2017,40717
Tennessee,Warren County,2018,40826
Tennessee,Warren County,2019,41277
Tennessee,Washington County,2010,123384
Tennessee,Washington County,2011,123887
Tennessee,Washington County,2012,124873
Tennessee,Washington County,2013,125397
Tennessee,Washington County,2014,125745
Tennessee,Washington County,2015,126137
Tennessee,Washington County,2016,127247
Tennessee,Washington County,2017,127603
Tennessee,Washington County,2018,128661
Tennessee,Washington County,2019,129375
Tennessee,Wayne County,2010,16985
Tennessee,Wayne County,2011,17000
Tennessee,Wayne County,2012,16973
Tennessee,Wayne County,2013,16920
Tennessee,Wayne County,2014,16860
Tennessee,Wayne County,2015,16767
Tennessee,Wayne County,2016,16747
Tennessee,Wayne County,2017,16641
Tennessee,Wayne County,2018,16635
Tennessee,Wayne County,2019,16673
Tennessee,Weakley County,2010,35044
Tennessee,Weakley County,2011,34857
Tennessee,Weakley County,2012,34554
Tennessee,Weakley County,2013,34155
Tennessee,Weakley County,2014,34001
Tennessee,Weakley County,2015,33872
Tennessee,Weakley County,2016,33610
Tennessee,Weakley County,2017,33325
Tennessee,Weakley County,2018,33413
Tennessee,Weakley County,2019,33328
Tennessee,White County,2010,25828
Tennessee,White County,2011,26050
Tennessee,White County,2012,26031
Tennessee,White County,2013,26193
Tennessee,White County,2014,26264
Tennessee,White County,2015,26342
Tennessee,White County,2016,26463
Tennessee,White County,2017,26764
Tennessee,White County,2018,27086
Tennessee,White County,2019,27345
Tennessee,Williamson County,2010,184143
Tennessee,Williamson County,2011,188501
Tennessee,Williamson County,2012,193211
Tennessee,Williamson County,2013,199143
Tennessee,Williamson County,2014,205334
Tennessee,Williamson County,2015,211605
Tennessee,Williamson County,2016,218903
Tennessee,Williamson County,2017,226048
Tennessee,Williamson County,2018,231978
Tennessee,Williamson County,2019,238412
Tennessee,Wilson County,2010,114677
Tennessee,Wilson County,2011,116800
Tennessee,Wilson County,2012,119143
Tennessee,Wilson County,2013,121990
Tennessee,Wilson County,2014,125197
Tennessee,Wilson County,2015,128536
Tennessee,Wilson County,2016,132494
Tennessee,Wilson County,2017,136691
Tennessee,Wilson County,2018,140954
Tennessee,Wilson County,2019,144657
